,interaction %,condition
0,20.33985287482895,unselected
1,22.718933161863056,unselected
2,11.831674292410579,unselected
3,32.59698501832917,unselected
4,24.659154345051437,unselected
5,41.483522945562626,tame mouse
6,73.60018198337977,tame mouse
7,49.51644587476069,tame mouse
8,63.023732982564276,tame mouse
9,56.86715608395955,tame mouse
10,53.404780309167464,tame mouse
