,Break,interaction
0,0.0236562650069431,0.9938578160378699
1,0.11501132739222342,0.9029105159246817
2,0.07485660282022251,0.3728066832352783
3,0.24455857177794119,1.2462169218262065
4,0.1888079671927277,0.9977082912036302
5,0.315281497114189,1.3019648820010883
6,0.3374656919380586,1.8826695637144781
7,0.0,0.2946363681276065
8,0.5839474514030584,1.2636620293780356
9,0.05708825630343551,0.7559849897876852
10,0.1402680023800313,0.5504508435254437
